{
	"schemaVersion": 1,
	"id": "colisao-cobblemon",
	"version": "${version}",
	"name": "Colisao Cobblemon",
	"description": "This is an example description! Tell everyone what your mod is about!",
	"authors": [
		"Me!"
	],
	"contact": {
		"homepage": "https://fabricmc.net/",
		"sources": "https://github.com/FabricMC/fabric-example-mod"
	},
	"license": "CC0-1.0",
	"icon": "assets/colisao-cobblemon/icon.png",
	"environment": "*",
	"entrypoints": {
		"main": [
			"me.marcronte.colisaocobblemon.ColisaoCobblemon"
		],
		"fabric-datagen": [
			"me.marcronte.colisaocobblemon.ColisaoCobblemonDataGenerator"
		]
	},
	"mixins": [
		"colisao-cobblemon.mixins.json"
	],
	"depends": {
		"fabricloader": ">=0.18.3",
		"minecraft": "~1.21.1",
		"java": ">=21",
		"fabric-api": "*"
	},
	"suggests": {
		"another-mod": "*"
	}
}